20	62940524	rs562989767	C	T	100	PASS
20	62940562	rs202197845	CCT	C	100	PASS
20	62940717	rs531662157	C	T	100	PASS
20	62940801	rs551961101	T	C	100	PASS
20	62940873	rs571836817	G	A	100	PASS
20	62940984	rs528014419	C	T	100	PASS
20	62941101	rs548089068	C	T	100	PASS
20	62941299	rs566510373	T	C	100	PASS
20	62941322	rs535425599	T	C	100	PASS
20	62941341	rs555215264	T	G	100	PASS
20	62941380	rs555545271	T	C	100	PASS
20	62941512	rs537501794	A	C	100	PASS
20	62941527	rs557545530	C	A	100	PASS
20	62941639	rs577387555	G	A	100	PASS
20	62941661	rs533862927	A	G	100	PASS
20	62941872	rs553634671	T	C	100	PASS
20	62942048	rs573990581	G	A	100	PASS
20	62942259	rs543011885	C	T	100	PASS
20	62942264	rs562699039	A	G	100	PASS
20	62942318	rs576497519	T	A	100	PASS
20	62942770	rs545492729	C	T	100	PASS
20	62943167	rs565509678	A	G	100	PASS
20	62943413	rs527875509	A	G	100	PASS
20	62943441	rs199776856	C	T	100	PASS
20	62943449	rs561567112	C	A	100	PASS
20	62943490	rs530280919	T	C	100	PASS
20	62943543	rs548969484	T	C	100	PASS
20	62943898	rs527296983	AAAT	A	100	PASS
20	62943905	rs568723445	A	T	100	PASS
20	62944020	rs191303233	T	A	100	PASS
20	62944045	rs181787813	T	A	100	PASS
20	62944117	rs571142906	C	T	100	PASS
20	62944231	rs533729547	A	G	100	PASS
20	62944443	rs553697898	A	T	100	PASS
20	62944446	rs573889142	T	C	100	PASS
20	62944751	rs536122877	T	A	100	PASS
20	62944774	rs556543904	T	A	100	PASS
20	62944777	rs200328392	TAGA	T	100	PASS
20	62944790	rs576338009	C	T	100	PASS
20	62944791	rs545554415	A	G	100	PASS
20	62944828	rs565371348	C	T	100	PASS
20	62944829	rs572726453	G	A	100	PASS
20	62944882	rs541644541	T	C	100	PASS
20	62945000	rs561281802	T	C	100	PASS
20	62945017	rs530436291	C	T	100	PASS
20	62945071	rs550177714	A	G	100	PASS
20	62945090	rs140674988	C	G	100	PASS
20	62945289	rs571866860	GTGTC	G	100	PASS
20	62945316	rs531192001	T	C	100	PASS
20	62945347	rs186122034	T	C	100	PASS
20	62945354	rs571006664	A	G	100	PASS
20	62945359	rs4113612	C	A	100	PASS
20	62945360	rs547206166	G	A	100	PASS
20	62945478	rs567321388	C	T	100	PASS
20	62945534	rs536578120	G	A	100	PASS
20	62945536	rs556170406	G	A	100	PASS
20	62945560	rs570074764	G	A	100	PASS
20	62945565	rs190837221	A	G	100	PASS
20	62945661	rs558948134	A	G	100	PASS
20	62945699	rs572578186	A	G	100	PASS
20	62945731	rs541500230	C	T	100	PASS
20	62945824	rs143909711	T	TCA	100	PASS
20	62945953	rs555164642	C	T	100	PASS
20	62945976	rs574910972	T	C	100	PASS
20	62945982	rs544128522	C	T	100	PASS
20	62946002	rs150046094	A	C	100	PASS
20	62946531	rs550973190	CAAAAT	C	100	PASS
20	62946589	rs531251633	A	G	100	PASS
20	62946612	rs544608245	G	T	100	PASS
20	62946652	rs564505413	G	A	100	PASS
20	62946683	rs527407576	T	G	100	PASS
20	62946756	rs547155750	A	G	100	PASS
20	62946791	rs567489079	T	C	100	PASS
20	62946829	rs529842010	C	T	100	PASS
20	62946857	rs569522030	CT	C	100	PASS
20	62946902	rs186658352	G	C	100	PASS
20	62946909	rs569857902	G	A	100	PASS
20	62946941	rs538897659	C	G	100	PASS
20	62946964	rs559004895	T	A	100	PASS
20	62946998	rs566048559	T	C	100	PASS
20	62947011	rs535152041	T	G	100	PASS
20	62947078	rs141457330	G	A	100	PASS
20	62947082	rs190966708	G	T	100	PASS
20	62947087	rs143886356	G	A	100	PASS
20	62947130	rs74312886	G	C	100	PASS
20	62947160	rs188245261	G	A	100	PASS
20	62947167	rs546059652	G	A	100	PASS
20	62947173	rs192788108	G	C	100	PASS
20	62947174	rs527276723	G	A	100	PASS
20	62947177	rs184202076	G	C	100	PASS
20	62947254	rs560815674	G	A	100	PASS
20	62947416	rs529744642	G	C	100	PASS
20	62947423	rs148210188	T	G	100	PASS
20	62947446	rs563442163	C	T	100	PASS
20	62947456	rs532473974	A	G	100	PASS
20	62947458	rs116723406	C	A	100	PASS
20	62947467	rs566115746	T	C	100	PASS
20	62947472	rs534700273	C	T	100	PASS
20	62947482	rs187392802	G	A	100	PASS
20	62947491	rs568465479	C	T	100	PASS
20	62947582	rs537512552	T	A	100	PASS
20	62947589	rs140188960	C	T	100	PASS
20	62947634	rs184767212	G	A	100	PASS
20	62947764	rs539776968	G	A	100	PASS
20	62947778	rs143676252	CGCACCCA	C	100	PASS
20	62947808	rs553241542	C	A	100	PASS
20	62947970	rs190531286	G	T	100	PASS
20	62947987	rs540671191	G	A	100	PASS
20	62948001	rs560898008	C	T	100	PASS
20	62948010	rs574461393	G	A	100	PASS
20	62948153	rs543479653	G	A	100	PASS
20	62948165	rs563505660	C	T	100	PASS
20	62948169	rs532331873	G	A	100	PASS
20	62948173	rs552546929	C	T	100	PASS
20	62948236	rs559684341	G	T	100	PASS
20	62948277	rs528341461	C	T	100	PASS
20	62948281	rs548302739	C	T	100	PASS
20	62948286	rs568414811	C	A	100	PASS
20	62948295	rs180815741	C	T	100	PASS
20	62948326	rs550644771	C	T	100	PASS
20	62948348	rs555110175	GC	G	100	PASS
20	62948388	rs570750634	C	T	100	PASS
20	62948414	rs539640901	C	T	100	PASS
20	62948479	rs553102631	G	A	100	PASS
20	62948696	rs573465555	C	T	100	PASS
20	62948742	rs536109398	A	G	100	PASS
20	62948766	rs554293801	C	T	100	PASS
20	62948838	rs574354857	C	G	100	PASS
20	62948861	rs543190267	G	C	100	PASS
20	62948863	rs563364408	G	A	100	PASS
20	62948894	rs577157612	C	T	100	PASS
20	62948900	rs546025709	C	G	100	PASS
20	62948970	rs559549906	G	A	100	PASS
20	62948984	rs184505121	A	G	100	PASS
20	62948991	rs542084845	C	T	100	PASS
20	62948993	rs561974532	G	C	100	PASS
20	62949037	rs530924263	C	G	100	PASS
20	62949038	rs550708082	G	A	100	PASS
20	62949050	rs570613338	G	C	100	PASS
20	62949057	rs533211500	C	T	100	PASS
20	62949088	rs546802881	C	A	100	PASS
20	62949109	rs55953829	G	GC	100	PASS
20	62949175	rs567023559	A	G	100	PASS
20	62949286	rs535803846	C	T	100	PASS
20	62949445	rs6010747	C	A	100	PASS
20	62949477	rs372864955	G	A	100	PASS
20	62949512	esv3646343;esv3646344;esv3646345	G	<CN0>,<CN2>,<CN3>	100	PASS
20	62949581	rs190696908	C	G	100	PASS
20	62949624	rs2760682	C	A	100	PASS
20	62949639	rs577021876	C	T	100	PASS
20	62949659	rs545880701	T	C	100	PASS
20	62949664	rs553232417	A	G	100	PASS
20	62949699	esv3646346	G	<CN0>	100	PASS
20	62949723	rs4434048	T	A	100	PASS
20	62949752	rs6011387	A	C	100	PASS
20	62949812	rs562011537	C	T	100	PASS
20	62949831	rs4324372	C	T	100	PASS
20	62949836	rs181706317	C	A	100	PASS
20	62949838	rs564102628	C	T	100	PASS
20	62949861	rs4057344	C	T	100	PASS
20	62949876	rs546670217	G	A	100	PASS
20	62949917	rs566989843	C	T	100	PASS
20	62949918	rs542696018	G	A	100	PASS
20	62950005	rs6122075	C	T	100	PASS
20	62950031	rs146972203	T	TTG	100	PASS
20	62950133	rs6011388	G	A,C	100	PASS
20	62950141	rs557012038	C	T	100	PASS
20	62950256	rs570434353	C	G	100	PASS
20	62950296	rs539574227	G	A	100	PASS
20	62950460	rs192117733	A	G	100	PASS
20	62950485	rs182817345	C	T	100	PASS
20	62950504	rs542009169	C	A	100	PASS
20	62950711	rs555229445	A	T	100	PASS
20	62950741	rs575184332	C	T	100	PASS
20	62950823	rs544071698	T	G	100	PASS
20	62950859	rs564165715	C	T	100	PASS
20	62950880	rs146947809	C	G	100	PASS
20	62950907	rs142118830	A	G	100	PASS
20	62950963	rs191242032	A	G	100	PASS
20	62950992	rs529324801	A	G	100	PASS
20	62951053	rs549564743	A	G	100	PASS
20	62951085	rs182608522	T	C	100	PASS
20	62951178	rs138137795	G	C	100	PASS
20	62951198	rs552087028	G	A	100	PASS
20	62951205	rs116406451	C	T	100	PASS
20	62951275	rs539436912	G	C	100	PASS
20	62951503	rs546231721	G	A	100	PASS
20	62951527	rs566569981	A	G	100	PASS
20	62951601	rs192038085	C	T	100	PASS
20	62951628	rs555556585	A	T	100	PASS
20	62951713	rs575071285	C	T	100	PASS
20	62951741	rs537785907	G	C	100	PASS
20	62951830	rs557624538	C	T	100	PASS
20	62951906	rs151146704	C	G	100	PASS
20	62951928	rs540627619	A	G	100	PASS
20	62951987	rs560248480	G	C	100	PASS
20	62952054	rs574097027	G	T	100	PASS
20	62952065	rs542726582	A	G	100	PASS
20	62952077	rs563103285	G	A	100	PASS
20	62952091	rs531931481	C	T	100	PASS
20	62952100	rs552148445	G	T	100	PASS
20	62952119	rs139005309	A	G	100	PASS
20	62952133	rs527948124	C	A	100	PASS
20	62952262	rs147577311	T	C	100	PASS
20	62952280	rs2760690	C	T	100	PASS
20	62952284	rs146052497	C	T	100	PASS
20	62952440	rs548785944	C	G	100	PASS
20	62952477	rs59298090	A	G	100	PASS
20	62952506	rs371907571	C	T	100	PASS
20	62952507	rs557484347	G	A	100	PASS
20	62952530	rs577528060	C	G	100	PASS
20	62952797	rs189049751	T	G	100	PASS
20	62952804	rs193105453	G	A	100	PASS
20	62952811	rs184252237	T	C	100	PASS
20	62952827	rs543147116	G	A	100	PASS
20	62952834	rs558876009	CAG	C	100	PASS
20	62952865	rs143585712	A	G	100	PASS
20	62952881	rs576557647	G	A	100	PASS
20	62952921	rs545625966	C	T	100	PASS
20	62952956	rs113114363	G	A	100	PASS
20	62953014	rs189249826	C	T	100	PASS
20	62953033	rs74437459	C	A	100	PASS
20	62953039	rs560126364	T	A	100	PASS
20	62953043	rs145059868	T	A	100	PASS
20	62953047	rs138907902	T	A	100	PASS
20	62953051	rs142041157	T	A	100	PASS
20	62953055	rs146373669	T	A	100	PASS
20	62953090	rs191654304	C	T	100	PASS
20	62953137	rs571082453	A	G	100	PASS
20	62953158	rs534122763	C	G	100	PASS
20	62953168	rs113131387	C	T	100	PASS
20	62953285	rs567698520	G	T	100	PASS
20	62953544	rs536253637	T	G	100	PASS
20	62953624	rs556555172	G	A	100	PASS
20	62953638	rs576625520	G	A	100	PASS
20	62953642	rs545488777	C	T	100	PASS
20	62953762	rs559221102	G	T	100	PASS
20	62953779	rs572529806	G	C	100	PASS
20	62953806	rs541747515	G	A	100	PASS
20	62953825	rs144289540	C	T	100	PASS
20	62953873	rs530375832	T	C	100	PASS
20	62953956	rs4809420	G	A	100	PASS
20	62953962	rs562112579	C	T	100	PASS
20	62953972	rs544897408	T	C	100	PASS
20	62953983	rs551039572	C	T	100	PASS
20	62954011	rs181587960	G	A	100	PASS
20	62954016	rs527490155	G	A	100	PASS
20	62954044	rs547522696	C	T	100	PASS
20	62954133	rs373084158	G	A	100	PASS
20	62954177	rs536512019	C	G	100	PASS
20	62954265	rs556615557	G	A	100	PASS
20	62954287	rs570041984	G	A	100	PASS
20	62954301	rs539166471	A	G	100	PASS
20	62954351	rs559081190	A	T	100	PASS
20	62954356	rs572648191	A	G	100	PASS
20	62954377	rs534912543	T	C	100	PASS
20	62954411	rs186935697	G	A	100	PASS
20	62954416	rs575049159	G	C	100	PASS
20	62954424	rs543681026	G	A	100	PASS
20	62954438	rs562174464	A	C	100	PASS
20	62954501	rs371003605	G	A	100	PASS
20	62954528	rs150664041	C	A	100	PASS
20	62954539	rs551552800	C	T	100	PASS
20	62954553	rs527340056	A	T	100	PASS
20	62954577	rs547288638	A	G	100	PASS
20	62954601	rs6011393	T	C	100	PASS
20	62954668	rs530042097	G	T	100	PASS
20	62954735	rs182142911	T	G	100	PASS
20	62954746	rs144471462	T	C	100	PASS
20	62954825	rs539029406	A	G	100	PASS
20	62954848	rs142638225	T	C	100	PASS
20	62954855	rs185974821	A	G	100	PASS
20	62954856	rs535086083	C	T	100	PASS
20	62954858	rs150983719	G	T	100	PASS
20	62954871	rs141146886	G	A	100	PASS
20	62954876	rs537382882	T	G	100	PASS
20	62954913	rs557223941	C	T	100	PASS
20	62954925	rs140458406	C	A	100	PASS
20	62955024	rs145281406	G	A	100	PASS
20	62955082	rs564864250	C	T	100	PASS
20	62955306	rs147107220	A	G	100	PASS
20	62955310	rs541096835	T	A	100	PASS
20	62955319	rs560956538	G	A	100	PASS
20	62955320	rs529904367	A	C	100	PASS
20	62955340	rs550144453	C	A	100	PASS
20	62955420	rs563581109	C	T	100	PASS
20	62955476	rs185387604	C	A	100	PASS
20	62955484	rs141129176	G	A	100	PASS
20	62955571	rs182736522	T	G	100	PASS
20	62955672	rs534835930	A	G	100	PASS
20	62955706	rs3895311	G	A	100	PASS
20	62955713	rs6011394	A	G	100	PASS
20	62955747	rs193223259	A	G	100	PASS
20	62955804	rs375867871	C	T	100	PASS
20	62955852	rs144076879	C	T	100	PASS
20	62955884	rs539716097	C	T	100	PASS
20	62955906	rs558296040	C	T	100	PASS
20	62955907	rs146742763	G	A	100	PASS
20	62955909	rs540806853	C	A	100	PASS
20	62955966	rs115926005	G	A	100	PASS
20	62955975	rs141008358	A	G	100	PASS
20	62956028	rs543653810	T	C	100	PASS
20	62956037	rs183933391	G	C	100	PASS
20	62956061	rs532474063	C	T	100	PASS
20	62956063	rs546059192	C	G	100	PASS
20	62956065	rs559523361	C	A	100	PASS
20	62956085	rs528476858	C	T	100	PASS
20	62956086	rs372120019	G	A	100	PASS
20	62956102	rs568223397	G	T	100	PASS
20	62956178	rs535623123	G	T	100	PASS
20	62956185	rs550783883	C	T	100	PASS
20	62956209	rs570689356	G	T	100	PASS
20	62956224	rs141702568	G	A	100	PASS
20	62956288	rs189192905	G	A	100	PASS
20	62956314	rs565585334	A	G	100	PASS
20	62956322	rs534612338	C	G	100	PASS
20	62956330	rs143461451	T	C	100	PASS
20	62956364	rs374178901	A	G	100	PASS
20	62956367	rs141691965	C	T	100	PASS
20	62956368	rs191337635	G	A	100	PASS
20	62956375	rs145961446	G	A	100	PASS
20	62956414	rs141787878	T	C	100	PASS
20	62956423	rs183959917	C	G	100	PASS
20	62956424	rs528328203	G	A	100	PASS
20	62956448	rs188634484	G	A	100	PASS
20	62956563	rs561718505	C	T	100	PASS
20	62956564	rs73628077	G	A	100	PASS
20	62956641	rs550644842	G	A	100	PASS
20	62956646	rs61264682	A	G	100	PASS
20	62956647	rs533566170	C	T	100	PASS
20	62956663	rs369481603	C	T	100	PASS
20	62956708	rs567161743	C	T	100	PASS
20	62956762	rs148709711	C	A	100	PASS
20	62956770	rs548231857	G	T	100	PASS
20	62956897	rs191819338	C	G	100	PASS
20	62956899	rs537179674	G	A	100	PASS
20	62956903	rs557083613	A	G	100	PASS
20	62956904	rs185098415	C	T	100	PASS
20	62956905	rs190078195	C	T	100	PASS
20	62956922	rs182252813	C	T	100	PASS
20	62956947	rs573111720	T	A	100	PASS
20	62956979	rs541736174	C	G	100	PASS
20	62957016	rs187142895	G	A	100	PASS
20	62957078	rs575222737	C	T	100	PASS
20	62957152	rs544344091	T	G	100	PASS
20	62957194	rs564242021	C	T	100	PASS
20	62957289	rs533226500	A	G	100	PASS
20	62957322	rs547189092	C	G	100	PASS
20	62957329	rs560454525	G	A	100	PASS
20	62957406	rs562505138	C	G	100	PASS
20	62957434	rs549684850	T	G	100	PASS
20	62957494	rs568103284	T	C	100	PASS
20	62957526	rs537041052	A	G	100	PASS
20	62957554	rs550549753	C	T	100	PASS
20	62957621	rs570537665	A	G	100	PASS
20	62957649	rs149021754	G	A	100	PASS
20	62957652	rs115333300	C	T	100	PASS
20	62957661	rs572936309	A	G	100	PASS
20	62957805	rs535399318	G	T	100	PASS
20	62957847	rs189443335	G	A	100	PASS
20	62957861	rs575145513	C	T	100	PASS
20	62957902	rs544206809	A	G	100	PASS
20	62957912	rs564287874	T	A	100	PASS
20	62957957	rs578065922	G	A	100	PASS
20	62958140	rs540352085	T	C	100	PASS
20	62958166	rs560775228	A	G	100	PASS
20	62958243	rs529458722	C	T	100	PASS
20	62958258	rs549745288	C	T	100	PASS
20	62958306	rs146252638	C	T	100	PASS
20	62958411	rs532002705	A	G	100	PASS
20	62958561	rs550611876	C	T	100	PASS
20	62958575	rs570328784	C	T	100	PASS
20	62958595	rs533082251	A	G	100	PASS
20	62958633	rs546368811	T	C	100	PASS
20	62958682	rs566702625	C	T	100	PASS
20	62958716	rs535270107	C	T	100	PASS
20	62958762	rs555100335	C	T	100	PASS
20	62958837	rs568825360	G	A	100	PASS
20	62958894	rs537722048	T	G	100	PASS
20	62959115	rs558163530	G	C	100	PASS
20	62959131	rs577945884	C	T	100	PASS
20	62959158	rs540765490	G	A	100	PASS
20	62959246	rs553972334	C	A	100	PASS
20	62959550	rs574136151	C	T	100	PASS
20	62959752	rs543253423	G	A	100	PASS
20	62959806	rs369967917	G	C	100	PASS
20	62959849	rs532069747	G	A	100	PASS
20	62959880	rs185238338	G	A	100	PASS
20	62959947	rs371272925	G	T	100	PASS
20	62959953	rs532787781	G	A	100	PASS
20	62959989	rs546526513	C	T	100	PASS
20	62960087	rs566450346	C	G	100	PASS
20	62960124	rs149184870	C	T	100	PASS
20	62960200	rs189916021	C	A	100	PASS
20	62960233	rs568690534	G	T	100	PASS
20	62960243	rs537784233	A	G	100	PASS
20	62960248	rs557760640	A	G	100	PASS
20	62960292	rs11698187	A	G	100	PASS
20	62960306	rs533943551	T	C	100	PASS
20	62960325	rs554096483	A	C	100	PASS
20	62960395	rs574199188	C	T	100	PASS
20	62960413	rs543117352	A	G	100	PASS
20	62960442	rs186828649	C	T	100	PASS
20	62960444	rs576700547	A	G	100	PASS
20	62960494	rs545730591	C	A	100	PASS
20	62960517	rs565440688	A	G	100	PASS
20	62960534	rs527943222	T	A	100	PASS
20	62960641	rs539861323	C	T	100	PASS
20	62960655	rs577152001	GATA	G	100	PASS
20	62960665	rs559689164	T	C	100	PASS
20	62960719	rs528984203	C	T	100	PASS
20	62960758	rs544521806	CTCT	C	100	PASS
20	62960895	rs548655000	G	C	100	PASS
20	62960913	rs562386547	A	C	100	PASS
20	62960976	rs531402272	T	G	100	PASS
20	62960991	rs144028254	C	A	100	PASS
20	62961014	rs71305643	C	CT	100	PASS
20	62961045	rs571460615	G	A	100	PASS
20	62961136	rs534060839	G	A	100	PASS
20	62961154	rs547496759	A	G	100	PASS
20	62961179	rs191193076	A	G	100	PASS
20	62961252	rs536782910	A	G	100	PASS
20	62961477	rs556691426	T	C	100	PASS
20	62961536	rs576559471	G	A	100	PASS
20	62961815	rs538865543	G	A	100	PASS
20	62961817	rs559071701	C	T	100	PASS
20	62961818	rs572670003	G	T	100	PASS
20	62961870	rs541688039	C	A	100	PASS
20	62961871	rs182118960	G	A	100	PASS
20	62961875	rs573294944	G	C	100	PASS
20	62961962	rs542363195	C	G	100	PASS
20	62962000	rs562249252	T	C	100	PASS
20	62962008	rs531396865	T	C	100	PASS
20	62962024	rs551302738	C	G	100	PASS
20	62962048	rs186809596	G	A	100	PASS
20	62962246	rs527619604	G	T	100	PASS
20	62962304	rs547703196	C	G	100	PASS
20	62962686	rs567710042	C	A	100	PASS
20	62962707	rs536649759	A	G	100	PASS
20	62962710	rs550155022	G	A	100	PASS
20	62962825	rs191684610	A	G	100	PASS
20	62962869	rs140775622	C	T	100	PASS
20	62962955	rs184838619	G	A	100	PASS
20	62962985	rs142911173	T	C	100	PASS
20	62963036	rs535050450	A	G	100	PASS
20	62963092	rs554842158	G	C	100	PASS
20	62963094	rs188402642	T	C	100	PASS
20	62963102	rs542224338	T	C	100	PASS
20	62963146	rs562110615	C	T	100	PASS
20	62963175	rs576079783	T	A	100	PASS
20	62963286	rs545068105	G	T	100	PASS
20	62963319	rs564972273	A	T	100	PASS
20	62963334	rs574330043	CT	C	100	PASS
20	62963349	rs527476791	G	C	100	PASS
20	62963407	rs541180102	C	T	100	PASS
20	62963436	rs541582078	A	ATTCT	100	PASS
20	62963499	rs192866358	C	T	100	PASS
20	62963508	rs529982079	T	C	100	PASS
20	62963510	rs550220140	G	T	100	PASS
20	62963550	rs570009412	G	A	100	PASS
20	62963628	rs532530638	C	G	100	PASS
20	62963638	rs371422936	G	T	100	PASS
20	62963679	rs559816767	A	AT	100	PASS
20	62963689	rs566190447	T	C	100	PASS
20	62963767	rs527355625	TG	T	100	PASS
20	62963895	rs535224863	T	C	100	PASS
20	62963897	rs185485183	C	T	100	PASS
20	62963899	rs568432418	G	A	100	PASS
20	62963966	rs189293501	G	C	100	PASS
20	62963982	rs555770643	C	T	100	PASS
20	62963996	rs149890816	A	G	100	PASS
20	62964007	rs544820736	T	C	100	PASS
20	62964034	rs181883287	G	T	100	PASS
20	62964068	rs572002965	C	T	100	PASS
20	62964109	rs541241205	A	C	100	PASS
20	62964123	rs561035577	A	T	100	PASS
20	62964269	rs530043903	G	A	100	PASS
20	62964291	rs543724325	C	A	100	PASS
20	62964448	rs151201761	G	T	100	PASS
20	62964540	rs147013354	G	C	100	PASS
20	62964612	rs552242775	G	A	100	PASS
20	62964720	rs374676786	G	A	100	PASS
20	62964784	rs528534309	T	C	100	PASS
20	62964821	rs548399007	C	T	100	PASS
20	62964845	rs568294948	T	C	100	PASS
20	62964872	rs537384891	C	T	100	PASS
20	62964968	rs557629530	G	A	100	PASS
20	62964974	rs138685577	G	A	100	PASS
20	62964981	rs538635371	C	T	100	PASS
20	62965015	rs149382639	T	C	100	PASS
20	62965081	rs545567359	G	GT	100	PASS
20	62965100	rs572127379	T	G	100	PASS
20	62965162	rs186264662	A	G	100	PASS
20	62965167	rs564138512	A	AT	100	PASS
20	62965198	rs554837551	G	A	100	PASS
20	62965214	rs574674940	C	T	100	PASS
20	62965215	rs543787394	T	C	100	PASS
20	62965290	rs563604166	T	C	100	PASS
20	62965305	rs577023641	G	C	100	PASS
20	62965354	rs546194182	G	A	100	PASS
